Списання,,,,,,,,,,,
ID списання,Дата,Тип списання,SKU,Назва товару,Кількість,Собівартість 1 од. / ПРРО,Управлінська собівартість 1 од.,Сума списання / ПРРО,Управлінська сума списання,Причина,Примітка
WRT-0001,2026-05-02,Власне відкриття,PKM-JP-MSYM-BST,Pokémon — Mega Symphonia — JP — Booster,4,"57,61 грн","61,07 грн","230,44 грн","244,28 грн",Коригування фактичного залишку після міграції,Фактичний залишок: 77 шт
WRT-0002,2026-05-02,Власне відкриття,PKM-JP-MBRV-BST,Pokémon — Mega Brave — JP — Booster,9,"77,36 грн","82,00 грн","696,24 грн","738,00 грн",Коригування фактичного залишку після міграції,Фактичний залишок: 36 шт
WRT-0003,2026-05-02,Власне відкриття,PKM-JP-MZERO-BST,Pokémon — Munics Zero — JP — Booster,8,"41,07 грн","43,53 грн","328,56 грн","348,24 грн",Коригування фактичного залишку після міграції,"Фактичний залишок: 17 шт, outlet"
WRT-0004,2026-05-02,Власне відкриття,PKM-JP-SCEX-BST,Pokémon — Scarlet EX — JP — Booster,2,"88,10 грн","93,39 грн","176,20 грн","186,78 грн",Коригування фактичного залишку після міграції,Фактичний залишок: 12 шт
WRT-0005,2026-05-02,Власне відкриття,OP-JP-V7PR-BST,One Piece — V7 Promo — JP — Booster,4,"62,57 грн","66,32 грн","250,28 грн","265,28 грн",Коригування фактичного залишку після міграції,Фактичний залишок: 31 шт
WRT-0006,2026-05-02,Власне відкриття,OP-JP-OP11-BST,One Piece — OP-11 — JP — Booster,1,"72,54 грн","76,89 грн","72,54 грн","76,89 грн",Коригування фактичного залишку після міграції,Фактичний залишок: 12 шт
WRT-0007,2026-05-02,Власне відкриття,OP-JP-OP10-BST,One Piece — OP-10 — JP — Booster,3,"79,24 грн","83,99 грн","237,71 грн","251,97 грн",Коригування фактичного залишку після міграції,Фактичний залишок: 4 шт
WRT-0008,2026-05-02,Власне відкриття,OP-JP-OP07-BST,One Piece — OP-07 — JP — Booster,1,"72,54 грн","76,89 грн","72,54 грн","76,89 грн",Коригування фактичного залишку після міграції,Фактичний залишок: 11 шт
WRT-0009,2026-05-06,Інше,PKM-JP-SCEX-BST,Pokémon — Scarlet EX — JP — Booster,2,"88,10 грн","93,39 грн","176,20 грн","186,78 грн",для формування містері бокса,Продаж OLX-FOP-0029
WRT-0010,2026-05-06,Інше,PKM-JP-MSYM-BST,Pokémon — Mega Symphonia — JP — Booster,2,"57,61 грн","61,07 грн","115,22 грн","122,14 грн",для формування містері бокса,Продаж OLX-FOP-0029
WRT-0011,2026-05-06,Інше,PKM-JP-MBRV-BST,Pokémon — Mega Brave — JP — Booster,1,"77,36 грн","82,00 грн","77,36 грн","82,00 грн",для формування містері бокса,Продаж OLX-FOP-0029
WRT-0012,2026-05-08,Інше,PKM-JP-MZERO-BST,Pokémon — Munics Zero — JP — Booster,1,"41,07 грн","43,53 грн","41,07 грн","43,53 грн",для формування містері бокса,Продаж OLX-PHYS-0011
WRT-0013,2026-05-08,Інше,PKM-JP-MSYM-BST,Pokémon — Mega Symphonia — JP — Booster,2,"57,61 грн","61,07 грн","115,22 грн","122,14 грн",для формування містері бокса,Продаж OLX-PHYS-0011
WRT-0014,2026-05-08,Інше,OP-JP-V7PR-BST,One Piece — V7 Promo — JP — Booster,1,"62,57 грн","66,32 грн","62,57 грн","66,32 грн",для формування містері бокса,Продаж OLX-PHYS-0011
WRT-0015,2026-05-08,Інше,PKM-JP-MBRV-BST,Pokémon — Mega Brave — JP — Booster,1,"77,36 грн","82,00 грн","77,36 грн","82,00 грн",для формування містері бокса,Продаж OLX-PHYS-0011
WRT-0016,2026-05-08,Інше,PKM-JP-MZERO-BST,Pokémon — Munics Zero — JP — Booster,1,"41,07 грн","43,53 грн","41,07 грн","43,53 грн",для формування містері бокса,Продаж OLX-PHYS-0012
WRT-0017,2026-05-08,Інше,PKM-JP-MSYM-BST,Pokémon — Mega Symphonia — JP — Booster,2,"57,61 грн","61,07 грн","115,22 грн","122,14 грн",для формування містері бокса,Продаж OLX-PHYS-0012
WRT-0018,2026-05-08,Інше,PKM-JP-MBRV-BST,Pokémon — Mega Brave — JP — Booster,1,"77,36 грн","82,00 грн","77,36 грн","82,00 грн",для формування містері бокса,Продаж OLX-PHYS-0012
WRT-0019,2026-05-08,Інше,OP-JP-V7PR-BST,One Piece — V7 Promo — JP — Booster,1,"62,57 грн","66,32 грн","62,57 грн","66,32 грн",для формування містері бокса,Продаж OLX-PHYS-0012
WRT-0020,2026-05-08,Подарунок,PKM-JP-OUTL-BST,Pokémon — Outlet Mix — JP — Booster,5,"48,62 грн","51,54 грн","243,10 грн","257,70 грн",Містері бокси,
WRT-0021,2026-05-06,Промо,PKM-JP-MSYM-BST,Pokémon — Mega Symphonia — JP — Booster,0,"57,61 грн","61,07 грн","0,00 грн","0,00 грн",,
WRT-0022,2026-05-06,Промо,PKM-JP-MBRV-BST,Pokémon — Mega Brave — JP — Booster,1,"77,36 грн","82,00 грн","77,36 грн","82,00 грн",Акція чат ОСББ,
WRT-0023,2026-05-09,Промо,PKM-JP-MBRV-BST,Pokémon — Mega Brave — JP — Booster,1,"77,36 грн","82,00 грн","77,36 грн","82,00 грн",Подарунок за фідбек по багу реєстрації,
WRT-0024,2026-05-12,Інше,OP-JP-V7PR-BST,One Piece — V7 Promo — JP — Booster,1,"62,57 грн","66,32 грн","62,57 грн","66,32 грн",для формування містері бокса,Продаж OLX-PHYS-0013
WRT-0025,2026-05-12,Інше,PKM-JP-MSYM-BST,Pokémon — Mega Symphonia — JP — Booster,2,"57,61 грн","61,07 грн","115,22 грн","122,14 грн",для формування містері бокса,Продаж OLX-PHYS-0013
WRT-0026,2026-05-12,Інше,OP-JP-OP11-BST,One Piece — OP-11 — JP — Booster,1,"72,54 грн","76,89 грн","72,54 грн","76,89 грн",для формування містері бокса,Продаж OLX-PHYS-0013
WRT-0027,2026-05-12,Інше,PKM-JP-SCEX-BST,Pokémon — Scarlet EX — JP — Booster,1,"88,10 грн","93,39 грн","88,10 грн","93,39 грн",для формування містері бокса,Продаж OLX-PHYS-0013
WRT-0028,2026-05-14,Власне відкриття,OP-JP-EB03-BST,One Piece — EB-03 — JP — Booster,1,"75,71 грн","80,25 грн","75,71 грн","80,25 грн",Відкрив пак для себе,Ручне списання 2026-05-14
WRT-0029,2026-05-14,Власне відкриття,PKM-JP-SPIN-BST,Pokémon — Ninja Spinner — JP — Booster,1,"63,19 грн","66,98 грн","63,19 грн","66,98 грн",Розпакував для себе,Ручне списання 2026-05-14
WRT-0030,2026-05-14,Інше,PKM-JP-SCEX-BST,Pokémon — Scarlet EX — JP — Booster,1,"88,10 грн","93,39 грн","88,10 грн","93,39 грн",для формування містері бокса,Продаж OLX-FOP-0034
WRT-0031,2026-05-14,Інше,PKM-JP-MSYM-BST,Pokémon — Mega Symphonia — JP — Booster,1,"57,61 грн","61,07 грн","57,61 грн","61,07 грн",для формування містері бокса,Продаж OLX-FOP-0034
WRT-0032,2026-05-14,Інше,PKM-JP-MBRV-BST,Pokémon — Mega Brave — JP — Booster,1,"77,36 грн","82,00 грн","77,36 грн","82,00 грн",для формування містері бокса,Продаж OLX-FOP-0034
WRT-0033,2026-05-14,Інше,PKM-JP-SPIN-BST,Pokémon — Ninja Spinner — JP — Booster,2,"63,19 грн","66,98 грн","126,38 грн","133,96 грн",для формування містері бокса,Продаж OLX-FOP-0034
WRT-0034,2026-05-15,Інше,PKM-JP-MZERO-BST,Pokémon — Munics Zero — JP — Booster,1,"41,07 грн","43,53 грн","41,07 грн","43,53 грн",для формування містері бокса,Продаж MBZ-PHYS-0001
WRT-0035,2026-05-15,Інше,PKM-JP-MSYM-BST,Pokémon — Mega Symphonia — JP — Booster,1,"57,61 грн","61,07 грн","57,61 грн","61,07 грн",для формування містері бокса,Продаж MBZ-PHYS-0001
WRT-0036,2026-05-15,Інше,OP-JP-V7PR-BST,One Piece — V7 Promo — JP — Booster,1,"62,57 грн","66,32 грн","62,57 грн","66,32 грн",для формування містері бокса,Продаж MBZ-PHYS-0001
WRT-0037,2026-05-15,Інше,OP-JP-OP11-BST,One Piece — OP-11 — JP — Booster,1,"72,54 грн","76,89 грн","72,54 грн","76,89 грн",для формування містері бокса,Продаж MBZ-PHYS-0001
WRT-0038,2026-05-15,Інше,OP-JP-EB03-BST,One Piece — EB-03 — JP — Booster,1,"75,71 грн","80,25 грн","75,71 грн","80,25 грн",для формування містері бокса,Продаж MBZ-PHYS-0001
WRT-0039,2026-05-19,Інше,PKM-JP-SCEX-BST,Pokémon — Scarlet EX — JP — Booster,1,"88,10 грн","93,39 грн","88,10 грн","93,39 грн",для формування містері бокса,Продаж MBZ-PHYS-0002
WRT-0040,2026-05-19,Інше,PKM-JP-MZERO-BST,Pokémon — Munics Zero — JP — Booster,1,"41,07 грн","43,53 грн","41,07 грн","43,53 грн",для формування містері бокса,Продаж MBZ-PHYS-0002
WRT-0041,2026-05-19,Інше,PKM-JP-MSYM-BST,Pokémon — Mega Symphonia — JP — Booster,1,"57,61 грн","61,07 грн","57,61 грн","61,07 грн",для формування містері бокса,Продаж MBZ-PHYS-0002
WRT-0042,2026-05-19,Інше,PKM-JP-SPIN-BST,Pokémon — Ninja Spinner — JP — Booster,2,"63,19 грн","66,98 грн","126,38 грн","133,96 грн",для формування містері бокса,Продаж MBZ-PHYS-0002
WRT-0043,2026-05-20,Інше,PKM-JP-MSYM-BST,Pokémon — Mega Symphonia — JP — Booster,5,"64,88 грн","68,78 грн","324,40 грн","343,90 грн",для формування містері бокса,Інвентаризація 2026-05-20; розподіл 10 бустерів на містері бокси приблизний
WRT-0044,2026-05-20,Інше,PKM-JP-SPIN-BST,Pokémon — Ninja Spinner — JP — Booster,2,"76,87 грн","81,48 грн","153,74 грн","162,96 грн",для формування містері бокса,Інвентаризація 2026-05-20; розподіл 10 бустерів на містері бокси приблизний
WRT-0045,2026-05-20,Інше,OP-JP-EB03-BST,One Piece — EB-03 — JP — Booster,1,"75,71 грн","80,25 грн","75,71 грн","80,25 грн",для формування містері бокса,Інвентаризація 2026-05-20; розподіл 10 бустерів на містері бокси приблизний
WRT-0046,2026-05-20,Інше,PKM-JP-SCEX-BST,Pokémon — Scarlet EX — JP — Booster,1,"88,10 грн","93,39 грн","88,10 грн","93,39 грн",для формування містері бокса,Інвентаризація 2026-05-20; розподіл 10 бустерів на містері бокси приблизний
WRT-0047,2026-05-20,Інше,OP-JP-V7PR-BST,One Piece — V7 Promo — JP — Booster,1,"69,81 грн","74,00 грн","69,81 грн","74,00 грн",для формування містері бокса,Інвентаризація 2026-05-20; розподіл 10 бустерів на містері бокси приблизний
WRT-0048,2026-05-20,Власне відкриття,PKM-JP-MSYM-BST,Pokémon — Mega Symphonia — JP — Booster,3,"64,88 грн","68,78 грн","194,64 грн","206,34 грн",Коригування фактичного залишку,Інвентаризація 2026-05-20; власне відкриття / різниця понад містері бокси
WRT-0049,2026-05-20,Власне відкриття,PKM-JP-SPIN-BST,Pokémon — Ninja Spinner — JP — Booster,2,"76,87 грн","81,48 грн","153,74 грн","162,96 грн",Коригування фактичного залишку,Інвентаризація 2026-05-20; власне відкриття / різниця понад містері бокси
WRT-0050,2026-05-20,Власне відкриття,OP-JP-EB03-BST,One Piece — EB-03 — JP — Booster,1,"75,71 грн","80,25 грн","75,71 грн","80,25 грн",Коригування фактичного залишку,Інвентаризація 2026-05-20; власне відкриття / різниця понад містері бокси
WRT-0051,2026-05-20,Інше,PKM-JP-MBRV-BST,Pokémon — Mega Brave — JP — Booster,-3,"61,25 грн","64,92 грн","-183,75 грн","-194,76 грн",Інвентаризаційний надлишок,"Інвентаризація 2026-05-20; факт 4 шт, CRM 1 шт; коригування +3 через від'ємне списання"
WRT-0052,2026-05-20,Інше,PKM-JP-MZERO-BST,Pokémon — Munics Zero — JP — Booster,-7,"51,72 грн","54,82 грн","-362,04 грн","-383,74 грн",Інвентаризаційне коригування SKU,Інвентаризація 2026-05-20; факт 0 шт; виправлення перерозподілу між Munics Zero і Outlet Mix
WRT-0053,2026-05-22,Власне відкриття,PKM-JP-MBRV-BST,Pokémon — Mega Brave — JP — Booster,1,"90,58 грн","96,01 грн","90,58 грн","96,01 грн",Тестове відкриття,yskh200 хвіст; 1 шт відкрито перед перенесенням решти в Low Pull
WRT-0054,2026-05-22,Власне відкриття,PKM-JP-SPIN-BST,Pokémon — Ninja Spinner — JP — Booster,2,"59,20 грн","62,75 грн","118,40 грн","125,50 грн",Тестове відкриття,yskh200 хвіст; 2 шт відкрито перед перенесенням решти в Low Pull
WRT-0055,2026-05-24,Власне відкриття,PKM-JP-MZERO-BST,Pokémon — Munics Zero — JP — Booster,5,"68,89 грн","73,02 грн","344,43 грн","365,10 грн",Тестове відкриття з yskh194 / LX319755939JP,
WRT-0056,2026-05-24,Власне відкриття,OP-JP-OP15-BST,One Piece — OP-15 — JP — Booster,1,"82,21 грн","87,14 грн","82,21 грн","87,14 грн",Тестове відкриття з yskh204 (A) / LX319755939JP,
WRT-0057,2026-05-24,Власне відкриття,OP-JP-OP07-BST,One Piece — OP-07 — JP — Booster,5,"72,54 грн","76,89 грн","362,71 грн","384,47 грн",Коригування залишку до 0: власне відкриття,
WRT-0058,2026-06-04,Власне відкриття,PKM-JP-MZERO-BST,Pokémon — Munics Zero — JP — Booster,5,"41,07 грн","43,53 грн","205,35 грн","217,65 грн",Відкриття для себе / перевірка партії,Посилка LX319422318JP; LOT-0032 / yskh130.
WRT-0059,2026-06-04,Власне відкриття,PKM-JP-MSYM-BST,Pokémon — Mega Symphonia — JP — Booster,3,"57,61 грн","61,07 грн","172,83 грн","183,21 грн",Відкриття для себе / перевірка партії,Посилка LX319422318JP; LOT-0034 / yskh168; 55 шт перенесено в Outlet Mix LOT-0069.
WRT-0060,2026-06-04,Власне відкриття,YGO-JP-QCAC-BST,Yu-Gi-Oh! — Quarter Century Art Collection — JP — Booster,1,"56,73 грн","60,14 грн","56,73 грн","60,14 грн",Відкриття для себе / перевірка партії,Посилка LX319422318JP; LOT-0038 / yskh206.
WRT-0061,2026-06-04,Власне відкриття,OP-JP-OP08-BST,One Piece — OP-08 — JP — Booster,1,"82,67 грн","87,63 грн","82,67 грн","87,63 грн",Відкриття для себе / перевірка партії,Посилка LX319422318JP; LOT-0039 / yskh209.
WRT-0062,2026-06-04,Інше,PKM-JP-SPIN-BST,Pokémon — Ninja Spinner — JP — Booster,2,"63,19 грн","66,98 грн","126,38 грн","133,96 грн",для формування містері бокса,Продаж OC-FOP-0142; прив'язано після аудиту MBX-списань
WRT-0063,2026-06-04,Інше,PKM-JP-MZERO-BST,Pokémon — Munics Zero — JP — Booster,2,"41,07 грн","43,53 грн","82,14 грн","87,06 грн",для формування містері бокса,Продаж OC-FOP-0142; прив'язано після аудиту MBX-списань
WRT-0064,2026-06-04,Інше,PKM-JP-SCEX-BST,Pokémon — Scarlet EX — JP — Booster,1,"88,10 грн","93,39 грн","88,10 грн","93,39 грн",для формування містері бокса,Продаж OC-FOP-0142; прив'язано після аудиту MBX-списань
WRT-0065,2026-06-11,Власне відкриття,PKM-JP-MBRV-BST,Pokémon — Mega Brave — JP — Booster,1,"92,45 грн","98,00 грн","92,45 грн","98,00 грн",Відкриття для себе / перевірка партії,Посилка LX320653384JP; LOT-0050 / yskh227; 18 шт перенесено в Outlet Mix LOT-0071.
WRT-0066,2026-06-04,Інше,OP-JP-OP08-BST,One Piece — OP-08 — JP — Booster,2,"82,67 грн","87,63 грн","165,34 грн","175,26 грн",,Для замовлення OC-FOP-0154 формування містері бокс
WRT-0067,2026-06-04,Інше,OP-JP-OP14-BST,One Piece — OP-14 — JP — Booster,1,"94,07 грн","99,72 грн","94,07 грн","99,72 грн",,Для замовлення OC-FOP-0154 формування містері бокс
WRT-0068,2026-06-04,Інше,OP-JP-OP11-BST,One Piece — OP-11 — JP — Booster,1,"72,54 грн","76,89 грн","72,54 грн","76,89 грн",,Для замовлення OC-FOP-0154 формування містері бокс
WRT-0069,2026-06-04,Інше,OP-JP-EB03-BST,One Piece — EB-03 — JP — Booster,1,"75,71 грн","80,25 грн","75,71 грн","80,25 грн",,Для замовлення OC-FOP-0154 формування містері бокс
WRT-0070,2026-06-12,Інше,PKM-JP-MZERO-BST,Pokémon — Munics Zero — JP — Booster,3,"41,07 грн","43,53 грн","123,21 грн","130,59 грн",,OC-FOP-0147
WRT-0071,2026-06-12,Інше,PKM-JP-SCEX-BST,Pokémon — Scarlet EX — JP — Booster,1,"88,10 грн","93,39 грн","88,10 грн","93,39 грн",,OC-FOP-0147
WRT-0072,2026-06-12,Інше,PKM-JP-OUTL-BST,Pokémon — Outlet Mix — JP — Booster,1,"48,62 грн","51,54 грн","48,62 грн","51,54 грн",,OC-FOP-0147
WRT-0073,2026-06-12,Власне відкриття,PKM-JP-BBLT-BST,Pokémon — Black Bolt — JP — Booster,1,"213,47 грн","226,28 грн","213,47 грн","226,28 грн",,
WRT-0074,2026-06-12,Власне відкриття,PKM-JP-MDEX-BST,Pokémon — Mega Dream EX — JP — Booster,1,"314,18 грн","333,03 грн","314,18 грн","333,03 грн",,Власне відкриття
WRT-0075,2026-06-16,Інше,OP-JP-OP08-BST,One Piece — OP-08 — JP — Booster,2,"82,67 грн","87,63 грн","165,34 грн","175,26 грн",,OC-FOP-0181
WRT-0076,2026-06-16,Інше,OP-JP-OP11-BST,One Piece — OP-11 — JP — Booster,1,"72,54 грн","76,89 грн","72,54 грн","76,89 грн",,OC-FOP-0181
WRT-0077,2026-06-16,Інше,OP-JP-OP15-BST,One Piece — OP-15 — JP — Booster,3,"82,21 грн","87,14 грн","246,63 грн","261,42 грн",,OC-FOP-0181
WRT-0078,2026-06-16,Інше,OP-JP-OP14-BST,One Piece — OP-14 — JP — Booster,2,"94,07 грн","99,72 грн","188,14 грн","199,44 грн",,OC-FOP-0181
WRT-0079,2026-06-16,Інше,OP-JP-EB03-BST,One Piece — EB-03 — JP — Booster,2,"75,71 грн","80,25 грн","151,42 грн","160,50 грн",,OC-FOP-0181
WRT-0080,2026-06-16,Інше,PKM-JP-MZERO-BST,Pokémon — Munics Zero — JP — Booster,2,"41,07 грн","43,53 грн","82,14 грн","87,06 грн",,OC-FOP-0180
WRT-0081,2026-06-16,Інше,PKM-JP-SPIN-BST,Pokémon — Ninja Spinner — JP — Booster,1,"63,19 грн","66,98 грн","63,19 грн","66,98 грн",,OC-FOP-0180
WRT-0082,2026-06-16,Інше,PKM-JP-MSYM-BST,Pokémon — Mega Symphonia — JP — Booster,1,"57,61 грн","61,07 грн","57,61 грн","61,07 грн",,OC-FOP-0180
WRT-0083,2026-06-16,Інше,PKM-JP-MBRV-BST,Pokémon — Mega Brave — JP — Booster,1,"77,36 грн","82,00 грн","77,36 грн","82,00 грн",,OC-FOP-0180
WRT-0084,2026-06-19,Інше,OP-JP-OP11-BST,One Piece — OP-11 — JP — Booster,1,"72,54 грн","76,89 грн","72,54 грн","76,89 грн",для формування містері бокса,Продаж MBZ-PHYS-0005
WRT-0085,2026-06-19,Інше,OP-JP-OP14-BST,One Piece — OP-14 — JP — Booster,1,"94,07 грн","99,72 грн","94,07 грн","99,72 грн",для формування містері бокса,Продаж MBZ-PHYS-0005
WRT-0086,2026-06-19,Інше,OP-JP-EB03-BST,One Piece — EB-03 — JP — Booster,1,"75,71 грн","80,25 грн","75,71 грн","80,25 грн",для формування містері бокса,Продаж MBZ-PHYS-0005
WRT-0087,2026-06-19,Інше,OP-JP-OP08-BST,One Piece — OP-08 — JP — Booster,1,"82,67 грн","87,63 грн","82,67 грн","87,63 грн",для формування містері бокса,Продаж MBZ-PHYS-0005
WRT-0088,2026-06-19,Інше,OP-JP-OP15-BST,One Piece — OP-15 — JP — Booster,1,"82,21 грн","87,14 грн","82,21 грн","87,14 грн",для формування містері бокса,Продаж MBZ-PHYS-0005
WRT-0089,2026-06-24,Інше,OP-JP-OP08-BST,One Piece — OP-08 — JP — Booster,2,"82,67 грн","87,63 грн","165,34 грн","175,26 грн",,OC-FOP-0188
WRT-0090,2026-06-24,Інше,OP-JP-OP15-BST,One Piece — OP-15 — JP — Booster,1,"82,21 грн","87,14 грн","82,21 грн","87,14 грн",,OC-FOP-0188
WRT-0091,2026-06-24,Інше,OP-JP-EB03-BST,One Piece — EB-03 — JP — Booster,1,"75,71 грн","80,25 грн","75,71 грн","80,25 грн",,OC-FOP-0188
WRT-0092,2026-06-24,Інше,OP-JP-OP14-BST,One Piece — OP-14 — JP — Booster,1,"94,07 грн","99,72 грн","94,07 грн","99,72 грн",,OC-FOP-0188
WRT-0093,2026-06-27,Інше,PKM-JP-MZERO-BST,Pokémon — Munics Zero — JP — Booster,18,"41,07 грн","43,53 грн","739,26 грн","783,54 грн",Інвентаризаційний перерозподіл SKU,"Інвентаризація 2026-06-27; на MZERO перенесено списання: MSYM 11, MDEX 1, OUTL 6."
WRT-0094,2026-06-27,Інше,PKM-JP-MSYM-BST,Pokémon — Mega Symphonia — JP — Booster,-11,"57,61 грн","61,07 грн","-633,71 грн","-671,77 грн",Інвентаризаційний перерозподіл SKU,Відновлено 11 MSYM; списання перенесено на MZERO (WRT-0093).
WRT-0095,2026-06-27,Інше,PKM-JP-MDEX-BST,Pokémon — Mega Dream EX — JP — Booster,-1,"314,18 грн","333,03 грн","-314,18 грн","-333,03 грн",Інвентаризаційний перерозподіл SKU,Відновлено 1 MDEX; списання перенесено на MZERO (WRT-0093).
WRT-0096,2026-06-27,Інше,PKM-JP-OUTL-BST,Pokémon — Outlet Mix — JP — Booster,-6,"48,62 грн","51,54 грн","-291,72 грн","-309,24 грн",Інвентаризаційний перерозподіл SKU,Відновлено 6 OUTL; списання перенесено на MZERO (WRT-0093).
WRT-0097,2026-06-27,Інше,PKM-JP-MBRV-BST,Pokémon — Mega Brave — JP — Booster,-1,"77,36 грн","82,00 грн","-77,36 грн","-82,00 грн",Інвентаризаційне переміщення SKU,Повернуто 1 Mega Brave з Outlet у MBRV; парний рух WRT-0098.
WRT-0098,2026-06-27,Інше,PKM-JP-OUTL-BST,Pokémon — Outlet Mix — JP — Booster,1,"48,62 грн","51,54 грн","48,62 грн","51,54 грн",Інвентаризаційне переміщення SKU,1 пак переведено з Outlet у MBRV; парний рух WRT-0097.
WRT-0099,2026-06-27,Власне відкриття,PKM-JP-MZERO-BST,Pokémon — Munics Zero — JP — Booster,4,"41,07 грн","43,53 грн","164,28 грн","174,12 грн",Коригування фактичного залишку,Інвентаризація 2026-06-27; після перерозподілу 48 шт → факт 44; власне відкриття 4.
WRT-0100,2026-06-27,Власне відкриття,OP-JP-OP08-BST,One Piece — OP-08 — JP — Booster,2,"82,67 грн","87,63 грн","165,34 грн","175,26 грн",Коригування фактичного залишку,Інвентаризація 2026-06-27; CRM 35 → факт 33.
WRT-0101,2026-06-27,Власне відкриття,OP-JP-OP14-BST,One Piece — OP-14 — JP — Booster,2,"94,07 грн","99,72 грн","188,14 грн","199,44 грн",Коригування фактичного залишку,Інвентаризація 2026-06-27; CRM 34 → факт 32.
WRT-0102,2026-06-27,Власне відкриття,YGO-JP-BDOM-BST,Yu-Gi-Oh! — Blazing Dominion — JP — Booster,1,"30,95 грн","32,81 грн","30,95 грн","32,81 грн",Коригування фактичного залишку,Інвентаризація 2026-06-27; CRM 30 → факт 29.
WRT-0103,2026-06-27,Власне відкриття,PKM-KR-HWAK-BST,Pokémon — Hot Wind Arena — KR — Booster,1,"71,52 грн","75,81 грн","71,52 грн","75,81 грн",Коригування фактичного залишку,Інвентаризація 2026-06-27; CRM 28 → факт 27.
WRT-0104,2026-06-27,Власне відкриття,PKM-JP-BBLT-BST,Pokémon — Black Bolt — JP — Booster,1,"213,47 грн","226,28 грн","213,47 грн","226,28 грн",Коригування фактичного залишку,Інвентаризація 2026-06-27; CRM 18 → факт 17.
WRT-0105,2026-06-27,Власне відкриття,OP-JP-OP15-BST,One Piece — OP-15 — JP — Booster,1,"82,21 грн","87,14 грн","82,21 грн","87,14 грн",Коригування фактичного залишку,Інвентаризація 2026-06-27; CRM 17 → факт 16.
WRT-0106,2026-06-27,Власне відкриття,OP-JP-EB03-BST,One Piece — EB-03 — JP — Booster,2,"75,71 грн","80,25 грн","151,42 грн","160,50 грн",Коригування фактичного залишку,Інвентаризація 2026-06-27; CRM 13 → факт 11.
WRT-0107,2026-06-27,Власне відкриття,PKM-JP-SPIN-BST,Pokémon — Ninja Spinner — JP — Booster,5,"63,19 грн","66,98 грн","315,95 грн","334,90 грн",Коригування фактичного залишку,Інвентаризація 2026-06-27; CRM 11 → факт 6.
WRT-0108,2026-06-27,Власне відкриття,OP-JP-OP11-BST,One Piece — OP-11 — JP — Booster,1,"72,54 грн","76,89 грн","72,54 грн","76,89 грн",Коригування фактичного залишку,Інвентаризація 2026-06-27; CRM 7 → факт 6.
WRT-0109,2026-07-01,Інше,PKM-JP-MSYM-BST,Pokémon — Mega Symphonia — JP — Booster,2,"57,61 грн","61,07 грн","115,22 грн","122,14 грн",для формування містері бокса,Продаж OC-FOP-0200; Pokémon Mystery Box
WRT-0110,2026-07-01,Інше,PKM-JP-MZERO-BST,Pokémon — Munics Zero — JP — Booster,2,"41,07 грн","43,53 грн","82,14 грн","87,06 грн",для формування містері бокса,Продаж OC-FOP-0200; Pokémon Mystery Box
WRT-0111,2026-07-01,Інше,PKM-JP-BBLT-BST,Pokémon — Black Bolt — JP — Booster,1,"213,47 грн","226,28 грн","213,47 грн","226,28 грн",для формування містері бокса,Продаж OC-FOP-0200; Pokémon Mystery Box
WRT-0112,2026-07-01,Інше,OP-JP-V7PR-BST,One Piece — V7 Promo — JP — Booster,1,"62,57 грн","66,32 грн","62,57 грн","66,32 грн",для формування містері бокса,Продаж OC-FOP-0200; One Piece Mystery Box
WRT-0113,2026-07-01,Інше,OP-JP-OP08-BST,One Piece — OP-08 — JP — Booster,1,"82,67 грн","87,63 грн","82,67 грн","87,63 грн",для формування містері бокса,Продаж OC-FOP-0200; One Piece Mystery Box
WRT-0114,2026-07-01,Інше,OP-JP-EB03-BST,One Piece — EB-03 — JP — Booster,1,"75,71 грн","80,25 грн","75,71 грн","80,25 грн",для формування містері бокса,Продаж OC-FOP-0200; One Piece Mystery Box
WRT-0115,2026-07-01,Інше,OP-JP-OP14-BST,One Piece — OP-14 — JP — Booster,1,"94,07 грн","99,72 грн","94,07 грн","99,72 грн",для формування містері бокса,Продаж OC-FOP-0200; One Piece Mystery Box
WRT-0116,2026-07-01,Інше,OP-JP-OP15-BST,One Piece — OP-15 — JP — Booster,1,"82,21 грн","87,14 грн","82,21 грн","87,14 грн",для формування містері бокса,Продаж OC-FOP-0200; One Piece Mystery Box
WRT-0117,2026-07-05,Інше,PKM-JP-INFX-BST,Pokémon — Inferno X — JP — Booster,1,"134,31 грн","142,36 грн","134,31 грн","142,36 грн",для формування містері бокса,Продаж OC-FOP-0206; Pokémon Mystery Box
WRT-0118,2026-07-05,Інше,PKM-JP-MZERO-BST,Pokémon — Munics Zero — JP — Booster,2,"41,07 грн","43,53 грн","82,14 грн","87,06 грн",для формування містері бокса,Продаж OC-FOP-0206; Pokémon Mystery Box
WRT-0119,2026-07-05,Інше,PKM-JP-MSYM-BST,Pokémon — Mega Symphonia — JP — Booster,1,"57,61 грн","61,07 грн","57,61 грн","61,07 грн",для формування містері бокса,Продаж OC-FOP-0206; Pokémon Mystery Box
WRT-0120,2026-07-05,Інше,PKM-JP-SPIN-BST,Pokémon — Ninja Spinner — JP — Booster,1,"63,19 грн","66,98 грн","63,19 грн","66,98 грн",для формування містері бокса,Продаж OC-FOP-0206; Pokémon Mystery Box
WRT-0121,2026-07-06,Власне відкриття,PKM-JP-OUTL-BST,Pokémon — Outlet Mix — JP — Booster,5,"48,62 грн","51,54 грн","243,10 грн","257,69 грн",Власне відкриття / перевірка партії,"Посилка LX323224044JP; LOT-0058 / yskh240; 5 із 60 паків Munics Zero, перенесених в Outlet Mix."
WRT-0122,2026-07-09,Інше,OP-JP-OP08-BST,One Piece — OP-08 — JP — Booster,1,"82,67 грн","87,63 грн","82,67 грн","87,63 грн",для формування містері бокса,Продаж MBZ-PHYS-0006
WRT-0123,2026-07-09,Інше,OP-JP-V7PR-BST,One Piece — V7 Promo — JP — Booster,1,"62,57 грн","66,32 грн","62,57 грн","66,32 грн",для формування містері бокса,Продаж MBZ-PHYS-0006
WRT-0124,2026-07-09,Інше,OP-JP-OP14-BST,One Piece — OP-14 — JP — Booster,1,"94,07 грн","99,72 грн","94,07 грн","99,72 грн",для формування містері бокса,Продаж MBZ-PHYS-0006
WRT-0125,2026-07-09,Інше,OP-JP-EB03-BST,One Piece — EB-03 — JP — Booster,1,"75,71 грн","80,25 грн","75,71 грн","80,25 грн",для формування містері бокса,Продаж MBZ-PHYS-0006
WRT-0126,2026-07-09,Інше,OP-JP-OP11-BST,One Piece — OP-11 — JP — Booster,1,"72,54 грн","76,89 грн","72,54 грн","76,89 грн",для формування містері бокса,Продаж MBZ-PHYS-0006
WRT-0127,2026-07-10,Власне відкриття,PKM-JP-SPIN-BST,Pokémon — Ninja Spinner — JP — Booster,5,"92,72 грн","98,28 грн","463,59 грн","491,41 грн",Власне відкриття / перевірка партії,Посилка LX322989939JP; LOT-0049 / yskh223; 5 із 60 паків Ninja Spinner; 15 шт перенесено в Low Pull / LOT-0102.
WRT-0128,2026-07-10,Інше,PKM-JP-INFX-BST,Pokémon — Inferno X — JP — Booster,2,"134,31 грн","142,36 грн","268,62 грн","284,72 грн",для формування містері бокса,Продаж OC-FOP-0219; компонент 2 × Inferno X для 2 містері боксів.
WRT-0129,2026-07-10,Інше,PKM-JP-SPIN-BST,Pokémon — Ninja Spinner — JP — Booster,3,"63,19 грн","66,98 грн","189,57 грн","200,94 грн",для формування містері бокса,Продаж OC-FOP-0219; компонент 3 × Ninja Spinner для 2 містері боксів.
WRT-0130,2026-07-10,Інше,PKM-JP-MSYM-BST,Pokémon — Mega Symphonia — JP — Booster,1,"57,61 грн","61,07 грн","57,61 грн","61,07 грн",для формування містері бокса,Продаж OC-FOP-0219; компонент 1 × Mega Symphonia для 2 містері боксів.
WRT-0131,2026-07-10,Інше,PKM-JP-MZERO-BST,Pokémon — Munics Zero — JP — Booster,3,"41,07 грн","43,53 грн","123,21 грн","130,59 грн",для формування містері бокса,Продаж OC-FOP-0219; компонент 3 × Munics Zero для 2 містері боксів.
WRT-0132,2026-07-10,Інше,PKM-JP-BBLT-BST,Pokémon — Black Bolt — JP — Booster,1,"213,47 грн","226,28 грн","213,47 грн","226,28 грн",для формування містері бокса,Продаж OC-FOP-0219; компонент 1 × Black Bolt для 2 містері боксів.